review,sentiment
excellent product,Positive
amazing quality,Positive
very good,Positive
highly recommended,Positive
worth every penny,Positive
best product ever,Positive
love this product,Positive
fantastic item,Positive
works perfectly,Positive
great quality,Positive
very satisfied,Positive
awesome experience,Positive
five stars,Positive
fast delivery,Positive
good packaging,Positive
easy to use,Positive
excellent service,Positive
happy with purchase,Positive
brilliant product,Positive
superb quality,Positive
outstanding item,Positive
perfect product,Positive
good value for money,Positive
really impressed,Positive
high quality,Positive
very reliable,Positive
beautiful design,Positive
excellent performance,Positive
strongly recommend,Positive
loved it,Positive
best purchase,Positive
great customer service,Positive
quick delivery,Positive
very useful,Positive
top quality,Positive
pleasant experience,Positive
works as expected,Positive
durable product,Positive
excellent build quality,Positive
good choice,Positive
fantastic quality,Positive
very efficient,Positive
nice product,Positive
absolutely amazing,Positive
good support,Positive
very comfortable,Positive
premium quality,Positive
excellent results,Positive
wonderful experience,Positive
extremely satisfied,Positive
terrible product,Negative
worst product ever,Negative
very disappointed,Negative
poor quality,Negative
waste of money,Negative
not recommended,Negative
bad experience,Negative
awful product,Negative
horrible quality,Negative
does not work,Negative
very bad,Negative
cheap material,Negative
broken item,Negative
late delivery,Negative
bad packaging,Negative
poor customer service,Negative
completely useless,Negative
not worth buying,Negative
very poor,Negative
stopped working,Negative
low quality,Negative
defective product,Negative
disappointed,Negative
bad quality,Negative
returned immediately,Negative
worst purchase,Negative
fake product,Negative
very frustrating,Negative
extremely bad,Negative
waste of time,Negative
poor performance,Negative
terrible experience,Negative
very slow,Negative
not satisfied,Negative
poor design,Negative
unhappy with purchase,Negative
damaged product,Negative
not as described,Negative
fails to work,Negative
low durability,Negative
customer support was terrible,Negative
poor build quality,Negative
very unreliable,Negative
money wasted,Negative
do not buy,Negative
very annoying,Negative
not useful,Negative
bad choice,Negative
completely disappointed,Negative
awful experience,Negative